{"cameraMode":{"drawMode":0,"name":"Shaded","section":"Shading Mode"},"sceneLighting":false,"audioPlay":false,"sceneViewState":{"showFog":true,"showMaterialUpdate":false,"showSkybox":false,"showFlares":true,"showImageEffects":true,"showParticleSystems":true},"in2DMode":false,"pivot":{"x":-0.05400335043668747,"y":0.5159827470779419,"z":-0.06353399157524109},"rotation":{"x":-0.0008292790153063834,"y":0.9914516806602478,"z":-0.1304367184638977,"w":-0.0062428670935332779},"size":2.830442428588867,"orthographic":false}