{"cameraMode":{"drawMode":0,"name":"Shaded","section":"Shading Mode"},"sceneLighting":false,"audioPlay":false,"sceneViewState":{"showFog":true,"showMaterialUpdate":false,"showSkybox":false,"showFlares":true,"showImageEffects":true,"showParticleSystems":true},"in2DMode":false,"pivot":{"x":28.818330764770509,"y":2.5245299339294435,"z":-15.437830924987793},"rotation":{"x":-0.254159539937973,"y":0.17353767156600953,"z":-0.046381983906030658,"w":-0.9503787755966187},"size":6.672926425933838,"orthographic":false}