{"cameraMode":{"drawMode":0,"name":"Shaded","section":"Shading Mode"},"sceneLighting":false,"audioPlay":false,"sceneViewState":{"showFog":true,"showMaterialUpdate":false,"showSkybox":false,"showFlares":true,"showImageEffects":true,"showParticleSystems":true},"in2DMode":false,"pivot":{"x":21.563751220703126,"y":2.8991451263427736,"z":-28.5620059967041},"rotation":{"x":-0.1348697543144226,"y":0.4963873624801636,"z":-0.07835184782743454,"w":-0.854022741317749},"size":6.410125732421875,"orthographic":false}