{"cameraMode":{"drawMode":0,"name":"Shaded","section":"Shading Mode"},"sceneLighting":true,"audioPlay":false,"sceneViewState":{"showFog":true,"showMaterialUpdate":true,"showSkybox":true,"showFlares":true,"showImageEffects":true,"showParticleSystems":true},"in2DMode":false,"pivot":{"x":32.65022277832031,"y":10.845884323120118,"z":6.464807510375977},"rotation":{"x":-0.401725709438324,"y":-0.0022081099450588228,"z":0.0009630555287003517,"w":-0.9157642722129822},"size":33.42521667480469,"orthographic":false}