{"cameraMode":{"drawMode":0,"name":"Shaded","section":"Shading Mode"},"sceneLighting":false,"audioPlay":false,"sceneViewState":{"showFog":true,"showMaterialUpdate":false,"showSkybox":false,"showFlares":true,"showImageEffects":true,"showParticleSystems":true},"in2DMode":false,"pivot":{"x":29.877904891967775,"y":2.191514492034912,"z":3.205841064453125},"rotation":{"x":-0.1393144428730011,"y":0.7045286893844605,"z":-0.14385443925857545,"w":-0.6809948086738586},"size":7.339699745178223,"orthographic":false}