{"cameraMode":{"drawMode":0,"name":"Shaded","section":"Shading Mode"},"sceneLighting":true,"audioPlay":false,"sceneViewState":{"showFog":true,"showMaterialUpdate":false,"showSkybox":false,"showFlares":true,"showImageEffects":true,"showParticleSystems":true},"in2DMode":false,"pivot":{"x":48.89509582519531,"y":33.247962951660159,"z":12.049704551696778},"rotation":{"x":0.1088339164853096,"y":0.24276277422904969,"z":-0.02757161296904087,"w":0.9636715650558472},"size":9.890144348144532,"orthographic":false}