{"cameraMode":{"drawMode":0,"name":"Shaded","section":"Shading Mode"},"sceneLighting":true,"audioPlay":false,"sceneViewState":{"showFog":true,"showMaterialUpdate":true,"showSkybox":true,"showFlares":true,"showImageEffects":true,"showParticleSystems":true},"in2DMode":false,"pivot":{"x":38.94936752319336,"y":14.513423919677735,"z":12.910676956176758},"rotation":{"x":-0.2819622755050659,"y":0.3834964334964752,"z":-0.12421078234910965,"w":-0.870658278465271},"size":7.780033111572266,"orthographic":false}