{"cameraMode":{"drawMode":0,"name":"Shaded","section":"Shading Mode"},"sceneLighting":true,"audioPlay":false,"sceneViewState":{"showFog":true,"showMaterialUpdate":true,"showSkybox":true,"showFlares":true,"showImageEffects":true,"showParticleSystems":true},"in2DMode":false,"pivot":{"x":47.081336975097659,"y":2.160360097885132,"z":48.70647430419922},"rotation":{"x":-0.36039993166923525,"y":-0.06373359262943268,"z":0.024696217849850656,"w":-0.930304765701294},"size":18.314697265625,"orthographic":false}