{"cameraMode":{"drawMode":0,"name":"Shaded","section":"Shading Mode"},"sceneLighting":false,"audioPlay":false,"sceneViewState":{"showFog":true,"showMaterialUpdate":false,"showSkybox":false,"showFlares":true,"showImageEffects":true,"showParticleSystems":true},"in2DMode":false,"pivot":{"x":7.655695915222168,"y":-5.485042572021484,"z":-6.002601623535156},"rotation":{"x":0.32910841703414919,"y":0.6070936322212219,"z":-0.30460432171821597,"w":0.6560238599777222},"size":2.8578836917877199,"orthographic":false}