{"cameraMode":{"drawMode":0,"name":"Shaded","section":"Shading Mode"},"sceneLighting":false,"audioPlay":false,"sceneViewState":{"showFog":true,"showMaterialUpdate":false,"showSkybox":false,"showFlares":true,"showImageEffects":true,"showParticleSystems":true},"in2DMode":false,"pivot":{"x":28.5235652923584,"y":2.120201826095581,"z":-31.39633560180664},"rotation":{"x":-0.1732831448316574,"y":0.1840749979019165,"z":-0.032958339899778369,"w":-0.9669987559318543},"size":6.278650760650635,"orthographic":false}