{"cameraMode":{"drawMode":0,"name":"Shaded","section":"Shading Mode"},"sceneLighting":true,"audioPlay":false,"sceneViewState":{"showFog":true,"showMaterialUpdate":true,"showSkybox":true,"showFlares":true,"showImageEffects":true,"showParticleSystems":true},"in2DMode":false,"pivot":{"x":38.74182891845703,"y":3.0468766689300539,"z":-18.724132537841798},"rotation":{"x":0.12536539137363435,"y":-0.48804330825805666,"z":0.07105866074562073,"w":0.8609018921852112},"size":3.804858446121216,"orthographic":false}