{"cameraMode":{"drawMode":0,"name":"Shaded","section":"Shading Mode"},"sceneLighting":false,"audioPlay":false,"sceneViewState":{"showFog":true,"showMaterialUpdate":false,"showSkybox":false,"showFlares":true,"showImageEffects":true,"showParticleSystems":true},"in2DMode":false,"pivot":{"x":27.17885971069336,"y":2.551130533218384,"z":-20.353069305419923},"rotation":{"x":-0.18084034323692323,"y":0.5654631853103638,"z":-0.12868981063365937,"w":-0.7944013476371765},"size":4.373979091644287,"orthographic":false}