{"cameraMode":{"drawMode":0,"name":"Shaded","section":"Shading Mode"},"sceneLighting":true,"audioPlay":false,"sceneViewState":{"showFog":true,"showMaterialUpdate":true,"showSkybox":true,"showFlares":true,"showImageEffects":true,"showParticleSystems":true},"in2DMode":false,"pivot":{"x":-6.426812171936035,"y":-38.02631378173828,"z":2.511526346206665},"rotation":{"x":-0.3181062340736389,"y":0.6030048727989197,"z":-0.28461772203445437,"w":-0.673953115940094},"size":66.6098403930664,"orthographic":false}