{"cameraMode":{"drawMode":0,"name":"Shaded","section":"Shading Mode"},"sceneLighting":true,"audioPlay":false,"sceneViewState":{"showFog":true,"showMaterialUpdate":false,"showSkybox":true,"showFlares":true,"showImageEffects":true,"showParticleSystems":true},"in2DMode":false,"pivot":{"x":1.0489368438720704,"y":5.008193016052246,"z":-5.126402854919434},"rotation":{"x":-0.15140707790851594,"y":0.3864775598049164,"z":-0.06446898728609085,"w":-0.9075193405151367},"size":64.2204818725586,"orthographic":false}