{"cameraMode":{"drawMode":0,"name":"Shaded","section":"Shading Mode"},"sceneLighting":true,"audioPlay":false,"sceneViewState":{"showFog":true,"showMaterialUpdate":true,"showSkybox":true,"showFlares":true,"showImageEffects":true,"showParticleSystems":true},"in2DMode":false,"pivot":{"x":43.131690979003909,"y":12.905946731567383,"z":27.930456161499025},"rotation":{"x":-0.40513166785240176,"y":0.5462582111358643,"z":-0.3409343957901001,"w":-0.6490541100502014},"size":52.895877838134769,"orthographic":false}