{"cameraMode":{"drawMode":0,"name":"Shaded","section":"Shading Mode"},"sceneLighting":false,"audioPlay":false,"sceneViewState":{"showFog":true,"showMaterialUpdate":false,"showSkybox":false,"showFlares":true,"showImageEffects":true,"showParticleSystems":true},"in2DMode":false,"pivot":{"x":20.589080810546876,"y":2.774970531463623,"z":-25.370014190673829},"rotation":{"x":-0.16106224060058595,"y":0.8104764223098755,"z":-0.26167526841163638,"w":-0.4987935721874237},"size":3.7923154830932619,"orthographic":false}