{"cameraMode":{"drawMode":0,"name":"Shaded","section":"Shading Mode"},"sceneLighting":true,"audioPlay":false,"sceneViewState":{"showFog":true,"showMaterialUpdate":false,"showSkybox":true,"showFlares":true,"showImageEffects":true,"showParticleSystems":true},"in2DMode":false,"pivot":{"x":18.20039939880371,"y":-14.670928955078125,"z":0.36414575576782229},"rotation":{"x":-0.3698771297931671,"y":-0.6037869453430176,"z":0.37210968136787417,"w":-0.6001750826835632},"size":57.64069747924805,"orthographic":false}