{"cameraMode":{"drawMode":0,"name":"Shaded","section":"Shading Mode"},"sceneLighting":true,"audioPlay":false,"sceneViewState":{"showFog":true,"showMaterialUpdate":false,"showSkybox":false,"showFlares":true,"showImageEffects":true,"showParticleSystems":true},"in2DMode":false,"pivot":{"x":32.486900329589847,"y":4.567345142364502,"z":-18.60855484008789},"rotation":{"x":0.11546669900417328,"y":-0.6314445734024048,"z":0.09580828249454498,"w":0.7608414888381958},"size":7.264288902282715,"orthographic":false}