{"cameraMode":{"drawMode":0,"name":"Shaded","section":"Shading Mode"},"sceneLighting":true,"audioPlay":false,"sceneViewState":{"showFog":true,"showMaterialUpdate":false,"showSkybox":true,"showFlares":true,"showImageEffects":true,"showParticleSystems":true},"in2DMode":false,"pivot":{"x":5.378667831420898,"y":3.1636300086975099,"z":-14.970693588256836},"rotation":{"x":-0.19833320379257203,"y":0.7791998386383057,"z":-0.3016049861907959,"w":-0.5124011039733887},"size":30.8966007232666,"orthographic":false}