{"cameraMode":{"drawMode":0,"name":"Shaded","section":"Shading Mode"},"sceneLighting":true,"audioPlay":false,"sceneViewState":{"showFog":true,"showMaterialUpdate":false,"showSkybox":true,"showFlares":true,"showImageEffects":true,"showParticleSystems":true},"in2DMode":false,"pivot":{"x":-37.7943000793457,"y":6.222194671630859,"z":-4.436908721923828},"rotation":{"x":0.2755545675754547,"y":0.03057062439620495,"z":-0.008771325461566449,"w":0.9607695937156677},"size":70.36181640625,"orthographic":false}