{"cameraMode":{"drawMode":0,"name":"Shaded","section":"Shading Mode"},"sceneLighting":false,"audioPlay":false,"sceneViewState":{"showFog":true,"showMaterialUpdate":false,"showSkybox":false,"showFlares":true,"showImageEffects":true,"showParticleSystems":true},"in2DMode":false,"pivot":{"x":597.5068359375,"y":347.43359375,"z":-30.625},"rotation":{"x":0.021907569840550424,"y":-0.0015070695662871004,"z":0.0000025330525659228444,"w":0.9997836947441101},"size":588.5064086914063,"orthographic":true}