{"cameraMode":{"drawMode":0,"name":"Shaded","section":"Shading Mode"},"sceneLighting":true,"audioPlay":false,"sceneViewState":{"showFog":true,"showMaterialUpdate":false,"showSkybox":true,"showFlares":true,"showImageEffects":true,"showParticleSystems":true},"in2DMode":false,"pivot":{"x":10.381772994995118,"y":-5.839290618896484,"z":31.02053451538086},"rotation":{"x":-0.24414609372615815,"y":-0.17429301142692567,"z":0.044646114110946658,"w":-0.9529277086257935},"size":90.55719757080078,"orthographic":false}