{"cameraMode":{"drawMode":0,"name":"Shaded","section":"Shading Mode"},"sceneLighting":false,"audioPlay":false,"sceneViewState":{"showFog":true,"showMaterialUpdate":true,"showSkybox":false,"showFlares":true,"showImageEffects":true,"showParticleSystems":true},"in2DMode":false,"pivot":{"x":2.536177635192871,"y":1.2439179420471192,"z":-4.614356517791748},"rotation":{"x":0.05514730513095856,"y":0.9361298084259033,"z":-0.30255135893821719,"w":0.17063702642917634},"size":4.198918342590332,"orthographic":false}