{"cameraMode":{"drawMode":0,"name":"Shaded","section":"Shading Mode"},"sceneLighting":true,"audioPlay":false,"sceneViewState":{"showFog":true,"showMaterialUpdate":true,"showSkybox":true,"showFlares":true,"showImageEffects":true,"showParticleSystems":true},"in2DMode":false,"pivot":{"x":30.120990753173829,"y":2.2100636959075929,"z":3.3394460678100588},"rotation":{"x":-0.3208654224872589,"y":0.6306840181350708,"z":-0.32163432240486147,"w":-0.629175066947937},"size":42.67764663696289,"orthographic":false}