{"cameraMode":{"drawMode":0,"name":"Shaded","section":"Shading Mode"},"sceneLighting":true,"audioPlay":false,"sceneViewState":{"showFog":true,"showMaterialUpdate":false,"showSkybox":true,"showFlares":true,"showImageEffects":true,"showParticleSystems":true},"in2DMode":false,"pivot":{"x":-4.1552581787109379,"y":44.29999923706055,"z":-48.468021392822269},"rotation":{"x":0.3743612766265869,"y":-0.1723603904247284,"z":0.07100299000740051,"w":0.9083685874938965},"size":65.57117462158203,"orthographic":true}