{"cameraMode":{"drawMode":0,"name":"Shaded","section":"Shading Mode"},"sceneLighting":false,"audioPlay":false,"sceneViewState":{"showFog":true,"showMaterialUpdate":false,"showSkybox":false,"showFlares":true,"showImageEffects":true,"showParticleSystems":true},"in2DMode":false,"pivot":{"x":0.007876013405621052,"y":1.7656127214431763,"z":1.0820720195770264},"rotation":{"x":0.03728204965591431,"y":0.7145207524299622,"z":-0.6975924372673035,"w":0.03819930553436279},"size":1.030442714691162,"orthographic":false}