{"cameraMode":{"drawMode":0,"name":"Shaded","section":"Shading Mode"},"sceneLighting":true,"audioPlay":false,"sceneViewState":{"showFog":true,"showMaterialUpdate":false,"showSkybox":true,"showFlares":true,"showImageEffects":true,"showParticleSystems":true},"in2DMode":false,"pivot":{"x":-17.511363983154298,"y":41.16728210449219,"z":-20.56542205810547},"rotation":{"x":0.16119711101055146,"y":0.7415863871574402,"z":-0.19214454293251038,"w":0.6222331523895264},"size":120.72459411621094,"orthographic":true}