{"cameraMode":{"drawMode":0,"name":"Shaded","section":"Shading Mode"},"sceneLighting":true,"audioPlay":false,"sceneViewState":{"showFog":true,"showMaterialUpdate":true,"showSkybox":true,"showFlares":true,"showImageEffects":true,"showParticleSystems":true},"in2DMode":false,"pivot":{"x":40.838741302490237,"y":11.232521057128907,"z":30.018829345703126},"rotation":{"x":-0.22974728047847749,"y":0.13150665163993836,"z":-0.03131549432873726,"w":-0.9638352990150452},"size":50.185997009277347,"orthographic":false}