{"cameraMode":{"drawMode":0,"name":"Shaded","section":"Shading Mode"},"sceneLighting":true,"audioPlay":false,"sceneViewState":{"showFog":true,"showMaterialUpdate":false,"showSkybox":true,"showFlares":true,"showImageEffects":true,"showParticleSystems":true},"in2DMode":false,"pivot":{"x":18.292221069335939,"y":-14.884784698486329,"z":28.423633575439454},"rotation":{"x":-0.36167439818382265,"y":-0.05812574923038483,"z":0.022592464461922647,"w":-0.9302436113357544},"size":117.38400268554688,"orthographic":false}