{"cameraMode":{"drawMode":0,"name":"Shaded","section":"Shading Mode"},"sceneLighting":true,"audioPlay":false,"sceneViewState":{"showFog":true,"showMaterialUpdate":true,"showSkybox":true,"showFlares":true,"showImageEffects":true,"showParticleSystems":true},"in2DMode":false,"pivot":{"x":41.69139099121094,"y":12.496807098388672,"z":14.713223457336426},"rotation":{"x":-0.40513166785240176,"y":0.5462582111358643,"z":-0.3409343957901001,"w":-0.6490541100502014},"size":46.94033432006836,"orthographic":false}