{"cameraMode":{"drawMode":0,"name":"Shaded","section":"Shading Mode"},"sceneLighting":true,"audioPlay":false,"sceneViewState":{"showFog":true,"showMaterialUpdate":false,"showSkybox":true,"showFlares":true,"showImageEffects":true,"showParticleSystems":true},"in2DMode":false,"pivot":{"x":-4.1552581787109379,"y":44.29999923706055,"z":-48.468021392822269},"rotation":{"x":0.32910841703414919,"y":0.6070936322212219,"z":-0.30460432171821597,"w":0.6560238599777222},"size":136.9805908203125,"orthographic":true}