{"cameraMode":{"drawMode":0,"name":"Shaded","section":"Shading Mode"},"sceneLighting":true,"audioPlay":false,"sceneViewState":{"showFog":true,"showMaterialUpdate":false,"showSkybox":true,"showFlares":true,"showImageEffects":true,"showParticleSystems":true},"in2DMode":false,"pivot":{"x":-7.169641494750977,"y":-12.338912963867188,"z":36.12574768066406},"rotation":{"x":-0.44002461433410647,"y":0.43881288170814516,"z":-0.26143595576286318,"w":-0.738571047782898},"size":46.78916549682617,"orthographic":false}