{"cameraMode":{"drawMode":0,"name":"Shaded","section":"Shading Mode"},"sceneLighting":false,"audioPlay":false,"sceneViewState":{"showFog":true,"showMaterialUpdate":false,"showSkybox":false,"showFlares":true,"showImageEffects":true,"showParticleSystems":true},"in2DMode":false,"pivot":{"x":23.072080612182618,"y":3.898310899734497,"z":-31.598743438720704},"rotation":{"x":-0.07492229342460633,"y":0.7883641123771668,"z":-0.09792689979076386,"w":-0.6027960777282715},"size":9.390155792236329,"orthographic":false}