{"cameraMode":{"drawMode":0,"name":"Shaded","section":"Shading Mode"},"sceneLighting":true,"audioPlay":false,"sceneViewState":{"showFog":true,"showMaterialUpdate":true,"showSkybox":true,"showFlares":true,"showImageEffects":true,"showParticleSystems":true},"in2DMode":false,"pivot":{"x":35.23244094848633,"y":7.549077033996582,"z":9.708598136901856},"rotation":{"x":-0.20892199873924256,"y":0.4883649945259094,"z":-0.12169791013002396,"w":-0.8385027050971985},"size":26.527755737304689,"orthographic":false}