{"cameraMode":{"drawMode":0,"name":"Shaded","section":"Shading Mode"},"sceneLighting":true,"audioPlay":false,"sceneViewState":{"showFog":true,"showMaterialUpdate":true,"showSkybox":true,"showFlares":true,"showImageEffects":true,"showParticleSystems":true},"in2DMode":false,"pivot":{"x":25.07413101196289,"y":14.621614456176758,"z":30.380788803100587},"rotation":{"x":-0.3218778371810913,"y":0.29997923970222475,"z":-0.10830528289079666,"w":-0.8914641737937927},"size":35.240638732910159,"orthographic":false}