{"cameraMode":{"drawMode":0,"name":"Shaded","section":"Shading Mode"},"sceneLighting":true,"audioPlay":false,"sceneViewState":{"showFog":true,"showMaterialUpdate":true,"showSkybox":true,"showFlares":true,"showImageEffects":true,"showParticleSystems":true},"in2DMode":false,"pivot":{"x":36.76588439941406,"y":11.535970687866211,"z":6.807411193847656},"rotation":{"x":-0.3863440752029419,"y":-0.0836765244603157,"z":0.035214316099882129,"w":-0.9178832173347473},"size":33.42521667480469,"orthographic":false}