{"cameraMode":{"drawMode":0,"name":"Shaded","section":"Shading Mode"},"sceneLighting":true,"audioPlay":false,"sceneViewState":{"showFog":true,"showMaterialUpdate":true,"showSkybox":true,"showFlares":true,"showImageEffects":true,"showParticleSystems":true},"in2DMode":false,"pivot":{"x":66.33606719970703,"y":-4.051181793212891,"z":7.329607009887695},"rotation":{"x":-0.42396003007888796,"y":-0.40086787939071658,"z":0.21719549596309663,"w":-0.7825758457183838},"size":93.90901184082031,"orthographic":false}