{"cameraMode":{"drawMode":0,"name":"Shaded","section":"Shading Mode"},"sceneLighting":true,"audioPlay":false,"sceneViewState":{"showFog":true,"showMaterialUpdate":false,"showSkybox":true,"showFlares":true,"showImageEffects":true,"showParticleSystems":true},"in2DMode":false,"pivot":{"x":-4.209804534912109,"y":1.5047029256820679,"z":-11.255484580993653},"rotation":{"x":-0.06616709381341934,"y":0.9269518256187439,"z":-0.3131689727306366,"w":-0.1958235651254654},"size":49.46980285644531,"orthographic":false}