{"cameraMode":{"drawMode":0,"name":"Shaded","section":"Shading Mode"},"sceneLighting":true,"audioPlay":false,"sceneViewState":{"showFog":true,"showMaterialUpdate":true,"showSkybox":true,"showFlares":true,"showImageEffects":true,"showParticleSystems":true},"in2DMode":false,"pivot":{"x":34.77791976928711,"y":2.451343536376953,"z":-11.266732215881348},"rotation":{"x":-0.6328217387199402,"y":-0.16176234185695649,"z":0.13746610283851624,"w":-0.7446383237838745},"size":6.440109729766846,"orthographic":false}