{"cameraMode":{"drawMode":0,"name":"Shaded","section":"Shading Mode"},"sceneLighting":false,"audioPlay":false,"sceneViewState":{"showFog":true,"showMaterialUpdate":false,"showSkybox":false,"showFlares":true,"showImageEffects":true,"showParticleSystems":true},"in2DMode":false,"pivot":{"x":21.831174850463868,"y":2.5245296955108644,"z":-22.600345611572267},"rotation":{"x":-0.2696874439716339,"y":0.04101671278476715,"z":-0.011471454985439778,"w":-0.9620490670204163},"size":4.970695495605469,"orthographic":false}