{"cameraMode":{"drawMode":0,"name":"Shaded","section":"Shading Mode"},"sceneLighting":false,"audioPlay":false,"sceneViewState":{"showFog":true,"showMaterialUpdate":false,"showSkybox":false,"showFlares":true,"showImageEffects":true,"showParticleSystems":true},"in2DMode":false,"pivot":{"x":2.5999999046325685,"y":7.389999866485596,"z":-1.4800000190734864},"rotation":{"x":-0.0526776947081089,"y":0.9368875622749329,"z":-0.30560529232025149,"w":-0.16149693727493287},"size":1.9578838348388672,"orthographic":false}