{"cameraMode":{"drawMode":0,"name":"Shaded","section":"Shading Mode"},"sceneLighting":false,"audioPlay":false,"sceneViewState":{"showFog":true,"showMaterialUpdate":true,"showSkybox":false,"showFlares":true,"showImageEffects":true,"showParticleSystems":true},"in2DMode":false,"pivot":{"x":35.23453903198242,"y":3.7743003368377687,"z":6.508099555969238},"rotation":{"x":-0.0841715931892395,"y":0.7872627377510071,"z":-0.11030381172895432,"w":-0.6008412837982178},"size":1.660048007965088,"orthographic":false}