{"cameraMode":{"drawMode":0,"name":"Shaded","section":"Shading Mode"},"sceneLighting":false,"audioPlay":false,"sceneViewState":{"showFog":true,"showMaterialUpdate":false,"showSkybox":false,"showFlares":true,"showImageEffects":true,"showParticleSystems":true},"in2DMode":false,"pivot":{"x":21.46678352355957,"y":3.3766181468963625,"z":-35.20459747314453},"rotation":{"x":-0.09416592866182327,"y":0.6960806846618652,"z":-0.09282675385475159,"w":-0.7057419419288635},"size":7.04008150100708,"orthographic":false}