{"cameraMode":{"drawMode":0,"name":"Shaded","section":"Shading Mode"},"sceneLighting":true,"audioPlay":false,"sceneViewState":{"showFog":true,"showMaterialUpdate":false,"showSkybox":true,"showFlares":true,"showImageEffects":true,"showParticleSystems":true},"in2DMode":false,"pivot":{"x":1.0510928630828858,"y":2.8076682090759279,"z":-12.884393692016602},"rotation":{"x":-0.41888660192489626,"y":0.32033446431159975,"z":-0.16083593666553498,"w":-0.8343055248260498},"size":47.018653869628909,"orthographic":false}