{"cameraMode":{"drawMode":0,"name":"Shaded","section":"Shading Mode"},"sceneLighting":false,"audioPlay":false,"sceneViewState":{"showFog":true,"showMaterialUpdate":false,"showSkybox":false,"showFlares":true,"showImageEffects":true,"showParticleSystems":true},"in2DMode":false,"pivot":{"x":-9.390000343322754,"y":7.099999904632568,"z":-4.579999923706055},"rotation":{"x":-0.0526776947081089,"y":0.9368875622749329,"z":-0.30560529232025149,"w":-0.16149693727493287},"size":9.106932640075684,"orthographic":false}